se2203a3=# select a3c1f1();
NOTICE:  103 || Pune                 || Mumbai               || 2023-08-10 || 2023-08-12 || â‚¹18,000.00
 a3c1f1 
--------
 
(1 row)

se2203a3=# select a3c1f2();
 a3c1f2 
--------
      2
(1 row)
